{
  "bg": 179, 
  "temp": "absolute", 
  "snoozeBG": 122, 
  "recieved": true, 
  "predBGs": {
    "COB": [
      179, 
      179, 
      178, 
      178, 
      177, 
      176, 
      175, 
      174, 
      173, 
      171, 
      168, 
      165, 
      162, 
      159, 
      155, 
      151, 
      147, 
      142, 
      138, 
      134, 
      130, 
      126, 
      122, 
      119, 
      116, 
      113, 
      111, 
      108, 
      106, 
      105, 
      103, 
      102, 
      101, 
      100, 
      100, 
      99
    ], 
    "aCOB": [
      179, 
      183, 
      186, 
      188, 
      190, 
      190, 
      190, 
      189, 
      186, 
      183, 
      178, 
      173, 
      167, 
      162, 
      157, 
      151, 
      146, 
      141, 
      136, 
      132, 
      127, 
      123, 
      120, 
      116, 
      113, 
      111, 
      108, 
      106, 
      104, 
      102, 
      101, 
      100, 
      99, 
      98, 
      97
    ], 
    "IOB": [
      179, 
      179, 
      178, 
      177, 
      175, 
      174, 
      172, 
      169, 
      166, 
      163, 
      159, 
      154, 
      149, 
      143, 
      138, 
      133, 
      127, 
      122, 
      117, 
      113, 
      108, 
      104, 
      101, 
      97, 
      94, 
      92, 
      89, 
      87, 
      85, 
      83, 
      82, 
      81, 
      80, 
      79, 
      78
    ]
  }, 
  "rate": 1.175, 
  "reason": "COB: 12, Dev: 30, BGI: -4.99, ISF: 68.4, Target: 107; Eventual BG 122 >= 107, 22m@1.450 = 0.532 > req 0.21929824561403508+0.1U. Setting temp basal of 1.2U/hr", 
  "COB": 12, 
  "eventualBG": 122, 
  "timestamp": "2016-07-26T15:40:57.260308", 
  "duration": 30, 
  "tick": "+0", 
  "IOB": 1.265
}