{
  "bg": 131, 
  "temp": "absolute", 
  "snoozeBG": 108, 
  "recieved": true, 
  "predBGs": {
    "IOB": [
      131, 
      131, 
      131, 
      131, 
      130, 
      129, 
      128, 
      127, 
      125, 
      123, 
      121, 
      119, 
      116, 
      113, 
      110, 
      107, 
      104, 
      101, 
      98, 
      94, 
      91, 
      88, 
      86, 
      83, 
      81, 
      78, 
      76, 
      75, 
      73, 
      72, 
      70, 
      69, 
      68, 
      67, 
      67, 
      66
    ]
  }, 
  "rate": 1.425, 
  "reason": "COB: 0, Dev: 5, BGI: -0.75, ISF: 68.4, Target: 80; Eventual BG 108 >= 80, 22m@1.450 = 0.532 > req 0.4093567251461988+0.1U. Setting temp basal of 1.45U/hr", 
  "COB": 0, 
  "eventualBG": 108, 
  "timestamp": "2016-07-26T13:05:43.973340", 
  "duration": 30, 
  "tick": "+0", 
  "IOB": 0.41
}