{
  "bg": 166, 
  "temp": "absolute", 
  "snoozeBG": 176, 
  "recieved": true, 
  "predBGs": {
    "COB": [
      166, 
      170, 
      173, 
      175, 
      176, 
      175, 
      172, 
      168, 
      163, 
      157, 
      151, 
      145, 
      138, 
      131, 
      124, 
      117, 
      111, 
      104, 
      98, 
      92, 
      87, 
      81, 
      77, 
      72, 
      68, 
      65, 
      62, 
      59, 
      57, 
      56, 
      54, 
      53, 
      52, 
      51, 
      51, 
      51, 
      50
    ], 
    "aCOB": [
      166, 
      173, 
      178, 
      179, 
      178, 
      175, 
      171, 
      166, 
      161, 
      155, 
      149, 
      143, 
      136, 
      129, 
      122, 
      115, 
      109, 
      102, 
      96, 
      90, 
      85, 
      79, 
      75, 
      70, 
      66, 
      63, 
      60, 
      57, 
      55, 
      54, 
      52, 
      51, 
      50, 
      49, 
      49, 
      49, 
      48
    ], 
    "IOB": [
      166, 
      171, 
      174, 
      176, 
      178, 
      178, 
      177, 
      174, 
      171, 
      166, 
      161, 
      155, 
      149, 
      142, 
      135, 
      128, 
      121, 
      115, 
      109, 
      103, 
      97, 
      92, 
      87, 
      83, 
      79, 
      75, 
      72, 
      70, 
      68, 
      66, 
      65, 
      63, 
      63, 
      62, 
      61
    ]
  }, 
  "rate": 0.625, 
  "reason": "COB: 3, Dev: 33, BGI: -0.54, ISF: 89.9, Target: 80; Eventual BG 86 >= 80, 27m@0.625 = 0.281 > req 0.06674082313681869+0.1U. Setting temp basal of 0.625U/hr", 
  "COB": 3, 
  "eventualBG": 86, 
  "timestamp": "2016-07-31T08:31:36.230709", 
  "duration": 30, 
  "tick": "+5", 
  "IOB": 1.255
}