{
  "bg": 180, 
  "temp": "absolute", 
  "snoozeBG": 96, 
  "recieved": true, 
  "predBGs": {
    "COB": [
      180, 
      182, 
      183, 
      183, 
      182, 
      181, 
      179, 
      176, 
      172, 
      168, 
      164, 
      159, 
      153, 
      147, 
      141, 
      135, 
      128, 
      122, 
      115, 
      109, 
      102, 
      96, 
      90, 
      84, 
      79, 
      75, 
      70, 
      67, 
      63, 
      61, 
      58, 
      56, 
      54, 
      53, 
      52, 
      51, 
      50
    ], 
    "aCOB": [
      180, 
      186, 
      190, 
      193, 
      195, 
      195, 
      194, 
      192, 
      189, 
      185, 
      179, 
      173, 
      166, 
      158, 
      149, 
      141, 
      133, 
      124, 
      116, 
      109, 
      101, 
      95, 
      88, 
      82, 
      77, 
      72, 
      68, 
      65, 
      61, 
      58, 
      56, 
      54, 
      52, 
      51, 
      50, 
      49, 
      48
    ], 
    "IOB": [
      180, 
      182, 
      182, 
      182, 
      180, 
      178, 
      174, 
      169, 
      164, 
      158, 
      151, 
      143, 
      135, 
      126, 
      118, 
      110, 
      101, 
      93, 
      85, 
      77, 
      70, 
      63, 
      57, 
      51, 
      46, 
      41, 
      39
    ]
  }, 
  "rate": 1.175, 
  "reason": "COB: 13, Dev: 34, BGI: -3.71, ISF: 83.3, Target: 80; Eventual BG 96 >= 80, 29m@1.950 = 0.943 > req 0.19207683073229292+0.1U. Setting temp basal of 1.2U/hr", 
  "COB": 13, 
  "eventualBG": 96, 
  "timestamp": "2016-07-21T23:56:53.057411", 
  "duration": 30, 
  "tick": "+2", 
  "IOB": 1.414
}