{
  "bg": 235, 
  "temp": "absolute", 
  "snoozeBG": 162, 
  "recieved": true, 
  "predBGs": {
    "IOB": [
      235, 
      236, 
      235, 
      234, 
      232, 
      228, 
      224, 
      220, 
      214, 
      208, 
      201, 
      194, 
      186, 
      178, 
      171, 
      163, 
      155, 
      148, 
      141, 
      135, 
      129, 
      123, 
      118, 
      114, 
      110, 
      106, 
      103, 
      100, 
      97, 
      95, 
      93, 
      91, 
      90, 
      89, 
      88, 
      88, 
      87
    ]
  }, 
  "rate": 1.7, 
  "reason": "COB: 0, Dev: 35, BGI: -4.88, ISF: 92, Target: 100; Eventual BG 144 >= 100, 22m@1.725 = 0.633 > req 0.4782608695652174+0.1U. Setting temp basal of 1.7U/hr", 
  "COB": 0, 
  "eventualBG": 144, 
  "timestamp": "2016-07-20T22:32:34.785462", 
  "duration": 30, 
  "tick": "+1", 
  "IOB": 1.365
}