{
  "bg": 153, 
  "temp": "absolute", 
  "snoozeBG": 216, 
  "recieved": true, 
  "predBGs": {
    "COB": [
      153, 
      157, 
      161, 
      163, 
      164, 
      164, 
      163, 
      161, 
      157, 
      153, 
      148, 
      142, 
      137, 
      132, 
      126, 
      121, 
      117, 
      112, 
      108, 
      104, 
      101, 
      98, 
      96, 
      95, 
      95, 
      95, 
      96, 
      97, 
      99, 
      102, 
      106, 
      109, 
      114, 
      118, 
      122, 
      127, 
      132
    ], 
    "aCOB": [
      153, 
      159, 
      164, 
      168, 
      171, 
      172, 
      172, 
      172, 
      170, 
      167, 
      163, 
      158, 
      154, 
      150, 
      146, 
      142, 
      139, 
      135, 
      132, 
      129, 
      127, 
      125, 
      124, 
      124, 
      124, 
      125, 
      127, 
      129, 
      132, 
      135, 
      139, 
      143, 
      148, 
      153, 
      158, 
      162, 
      167
    ], 
    "IOB": [
      153, 
      157, 
      159, 
      159, 
      158, 
      155, 
      150, 
      144, 
      135, 
      126, 
      114, 
      102, 
      89, 
      77, 
      65, 
      53, 
      41, 
      39
    ]
  }, 
  "rate": 2.35, 
  "reason": "COB: 93, Dev: 50, BGI: -3.93, ISF: 70.2, Target: 80; Eventual BG 132 >= 80, 28m@1.900 = 0.887 > req 0.7407407407407407+0.1U. Setting temp basal of 2.35U/hr", 
  "COB": 93, 
  "eventualBG": 132, 
  "timestamp": "2016-07-22T20:48:07.831034", 
  "duration": 30, 
  "tick": "+6", 
  "IOB": 2.821
}