{
  "bg": 149, 
  "temp": "absolute", 
  "snoozeBG": 140, 
  "recieved": true, 
  "predBGs": {
    "IOB": [
      149, 
      151, 
      152, 
      153, 
      153, 
      153, 
      153, 
      152, 
      151, 
      149, 
      147, 
      144, 
      141, 
      138, 
      135, 
      132, 
      129, 
      126, 
      123, 
      121, 
      118, 
      116, 
      114, 
      112, 
      111, 
      109, 
      107, 
      106, 
      105, 
      103, 
      102, 
      101, 
      100, 
      100, 
      99, 
      99, 
      98
    ]
  }, 
  "rate": 1.0, 
  "reason": "COB: 0, Dev: 36, BGI: -3.96, ISF: 85.1, Target: 119; Eventual BG 139 >= 119, 26m@0.975 = 0.422 > req 0.23501762632197418+0.1U. Setting temp basal of 1U/hr", 
  "COB": 0, 
  "eventualBG": 139, 
  "timestamp": "2016-07-29T08:30:13.916757", 
  "duration": 30, 
  "tick": "+2", 
  "IOB": 0.542
}