{
  "bg": 154, 
  "temp": "absolute", 
  "snoozeBG": 131, 
  "recieved": true, 
  "predBGs": {
    "COB": [
      154, 
      156, 
      158, 
      160, 
      163, 
      165, 
      166, 
      167, 
      167, 
      167, 
      166, 
      165, 
      163, 
      161, 
      159, 
      156, 
      154, 
      151, 
      148, 
      146, 
      143, 
      141, 
      139, 
      137, 
      135, 
      134, 
      133, 
      132, 
      131, 
      131, 
      131, 
      131, 
      131, 
      132, 
      132, 
      133, 
      134
    ], 
    "aCOB": [
      154, 
      160, 
      167, 
      173, 
      179, 
      184, 
      189, 
      192, 
      195, 
      197, 
      198, 
      199, 
      198, 
      197, 
      196, 
      193, 
      191, 
      188, 
      185, 
      181, 
      178, 
      174, 
      170, 
      167, 
      163, 
      159, 
      156, 
      153, 
      150, 
      147, 
      145, 
      143, 
      142, 
      141, 
      140, 
      139
    ], 
    "IOB": [
      154, 
      156, 
      157, 
      158, 
      159, 
      160, 
      159, 
      158, 
      156, 
      153, 
      149, 
      144, 
      138, 
      132, 
      126, 
      120, 
      114, 
      108, 
      102, 
      96, 
      90, 
      85, 
      80, 
      76, 
      72, 
      68, 
      64, 
      61, 
      58, 
      56, 
      54, 
      52, 
      51, 
      49, 
      49, 
      48, 
      47
    ]
  }, 
  "rate": 2.0, 
  "reason": "COB: 24, Dev: 31, BGI: -3.17, ISF: 83.3, Target: 80; Eventual BG 134 >= 80, 22m@1.950 = 0.715 > req 0.6122448979591837+0.1U. Setting temp basal of 2U/hr", 
  "COB": 24, 
  "eventualBG": 134, 
  "timestamp": "2016-07-21T23:23:54.929043", 
  "duration": 30, 
  "tick": "+2", 
  "IOB": 0.941
}