{
  "bg": 154, 
  "temp": "absolute", 
  "snoozeBG": 128, 
  "recieved": true, 
  "predBGs": {
    "COB": [
      154, 
      156, 
      156, 
      156, 
      154, 
      152, 
      149, 
      146, 
      143, 
      141, 
      138, 
      135, 
      132, 
      129, 
      126, 
      123, 
      120, 
      117, 
      114, 
      112, 
      109, 
      107, 
      105, 
      103, 
      101, 
      100, 
      99, 
      97, 
      96, 
      95, 
      95, 
      94, 
      93, 
      93, 
      92, 
      92, 
      91
    ], 
    "aCOB": [
      154, 
      155, 
      156, 
      155, 
      153, 
      150, 
      147, 
      144, 
      141, 
      138, 
      135, 
      132, 
      129, 
      126, 
      123, 
      121, 
      118, 
      115, 
      112, 
      110, 
      108, 
      106, 
      104, 
      102, 
      101, 
      100, 
      99, 
      98, 
      97, 
      96, 
      95, 
      94, 
      93, 
      93, 
      92
    ], 
    "IOB": [
      154, 
      155, 
      155, 
      153, 
      150, 
      145, 
      139, 
      133, 
      127, 
      120, 
      112, 
      104, 
      96, 
      88, 
      80, 
      73, 
      66, 
      59, 
      54, 
      48, 
      44, 
      39
    ]
  }, 
  "rate": 0.925, 
  "reason": "COB: 27, Dev: 63, BGI: -8.24, ISF: 79.2, Target: 80; Eventual BG 91 >= 80, 27m@0.900 = 0.405 > req 0.1388888888888889+0.1U. Setting temp basal of 0.925U/hr", 
  "COB": 27, 
  "eventualBG": 91, 
  "timestamp": "2016-07-27T14:32:23.531689", 
  "duration": 30, 
  "tick": "+5", 
  "IOB": 1.914
}