{
  "bg": 127, 
  "temp": "absolute", 
  "snoozeBG": 109, 
  "recieved": true, 
  "predBGs": {
    "IOB": [
      127, 
      122, 
      118, 
      114, 
      110, 
      107, 
      104, 
      102, 
      100, 
      99, 
      98, 
      97, 
      98, 
      98, 
      99, 
      100, 
      101, 
      103, 
      105, 
      107, 
      109, 
      110, 
      112, 
      114, 
      115, 
      117, 
      118, 
      119, 
      120, 
      121, 
      122, 
      123, 
      123, 
      123, 
      124
    ]
  }, 
  "rate": 0.85, 
  "reason": "COB: 0, Dev: -4, BGI: -4.18, ISF: 72.7, Target: 110; Eventual BG 109 < 110, 19m@-0.900 = -0.285 < req -0.027510316368638238-0.2U", 
  "COB": 0, 
  "eventualBG": 109, 
  "timestamp": "2016-07-26T23:33:03.444363", 
  "duration": 30, 
  "tick": -1, 
  "IOB": 0.186
}