{
  "bg": 122, 
  "temp": "absolute", 
  "snoozeBG": 128, 
  "recieved": true, 
  "predBGs": {
    "COB": [
      122, 
      123, 
      124, 
      125, 
      126, 
      127, 
      128, 
      130, 
      131, 
      132, 
      133, 
      134, 
      135, 
      135, 
      136, 
      136, 
      136, 
      136, 
      136, 
      136, 
      136, 
      135, 
      134, 
      133, 
      133, 
      132, 
      131, 
      130, 
      130, 
      129, 
      129, 
      128, 
      128, 
      127
    ], 
    "aCOB": [
      122, 
      127, 
      132, 
      136, 
      140, 
      142, 
      144, 
      145, 
      145, 
      144, 
      143, 
      141, 
      140, 
      139, 
      138, 
      137, 
      136, 
      135, 
      134, 
      134, 
      133, 
      132, 
      132, 
      131, 
      130, 
      129, 
      129, 
      128, 
      127, 
      127, 
      126, 
      125, 
      125, 
      125, 
      124
    ], 
    "IOB": [
      122, 
      123, 
      123, 
      124, 
      124, 
      125, 
      125, 
      125, 
      125, 
      125, 
      124, 
      123, 
      122, 
      121, 
      120, 
      118, 
      118, 
      117, 
      116, 
      115, 
      115, 
      114, 
      113, 
      113, 
      112, 
      111, 
      110, 
      110, 
      109, 
      108, 
      108, 
      107, 
      107, 
      106
    ]
  }, 
  "rate": 0.775, 
  "reason": "COB: 9, Dev: 27, BGI: -3.49, ISF: 85.1, Target: 119; Eventual BG 128 >= 119, 27m@0.525 = 0.236 > req 0.10575793184488837+0.1U. Setting temp basal of 0.775U/hr", 
  "COB": 9, 
  "eventualBG": 128, 
  "timestamp": "2016-07-29T10:45:02.325812", 
  "duration": 30, 
  "tick": "+1", 
  "IOB": 0.243
}