{
  "bg": 160, 
  "temp": "absolute", 
  "snoozeBG": 142, 
  "recieved": true, 
  "predBGs": {
    "COB": [
      160, 
      162, 
      164, 
      164, 
      163, 
      162, 
      161, 
      158, 
      155, 
      152, 
      147, 
      143, 
      138, 
      134, 
      130, 
      125, 
      121, 
      118, 
      114, 
      111, 
      108, 
      105, 
      103, 
      101, 
      100, 
      98, 
      97, 
      96, 
      95, 
      94, 
      93, 
      92, 
      92, 
      91, 
      91, 
      90
    ], 
    "aCOB": [
      160, 
      165, 
      168, 
      169, 
      169, 
      167, 
      164, 
      160, 
      155, 
      150, 
      146, 
      141, 
      137, 
      132, 
      128, 
      124, 
      120, 
      116, 
      113, 
      109, 
      106, 
      104, 
      101, 
      100, 
      98, 
      97, 
      95, 
      94, 
      93, 
      92, 
      91, 
      91, 
      90, 
      90, 
      89
    ], 
    "IOB": [
      160, 
      162, 
      164, 
      164, 
      164, 
      163, 
      162, 
      160, 
      158, 
      155, 
      151, 
      147, 
      143, 
      139, 
      134, 
      130, 
      126, 
      122, 
      119, 
      115, 
      112, 
      110, 
      108, 
      106, 
      104, 
      103, 
      102, 
      100, 
      99, 
      98, 
      98, 
      97, 
      96, 
      96, 
      95
    ]
  }, 
  "rate": 0.8, 
  "reason": "COB: 7, Dev: 41, BGI: -3.75, ISF: 82.5, Target: 117; Eventual BG 127 >= 117, 26m@0.675 = 0.293 > req 0.12121212121212122+0.1U. Setting temp basal of 0.825U/hr", 
  "COB": 7, 
  "eventualBG": 127, 
  "timestamp": "2016-07-30T13:24:26.532090", 
  "duration": 30, 
  "tick": "+3", 
  "IOB": 0.903
}