{
  "bg": 99, 
  "temp": "absolute", 
  "snoozeBG": 121, 
  "recieved": true, 
  "predBGs": {
    "COB": [
      99, 
      101, 
      103, 
      105, 
      108, 
      110, 
      113, 
      116, 
      118, 
      121, 
      124, 
      126, 
      128, 
      131, 
      133, 
      135, 
      137, 
      139, 
      141, 
      142, 
      144, 
      145, 
      146, 
      146, 
      147, 
      147, 
      147, 
      146, 
      145, 
      145, 
      144, 
      143, 
      143, 
      142
    ], 
    "aCOB": [
      99, 
      103, 
      107, 
      111, 
      115, 
      119, 
      123, 
      127, 
      130, 
      133, 
      136, 
      139, 
      141, 
      143, 
      145, 
      146, 
      148, 
      149, 
      150, 
      150, 
      150, 
      150, 
      149, 
      148, 
      147, 
      146, 
      146, 
      145, 
      144, 
      143, 
      143, 
      142, 
      142, 
      141
    ], 
    "IOB": [
      99, 
      100, 
      102, 
      103, 
      104, 
      105, 
      105, 
      105, 
      105, 
      105, 
      104, 
      102, 
      100, 
      98, 
      96, 
      95, 
      93, 
      92, 
      91, 
      91, 
      90, 
      89, 
      89, 
      88, 
      87, 
      86, 
      85, 
      85, 
      84, 
      83, 
      83, 
      82, 
      81, 
      81, 
      81, 
      80
    ]
  }, 
  "rate": 1.05, 
  "reason": "COB: 23, Dev: 46, BGI: -5.65, ISF: 74.8, Target: 111; Eventual BG 142 >= 111, 23m@0.700 = 0.268 > req 0.13368983957219252+0.1U. Setting temp basal of 1.05U/hr", 
  "COB": 23, 
  "eventualBG": 142, 
  "timestamp": "2016-07-27T21:46:06.000545", 
  "duration": 30, 
  "tick": "+2", 
  "IOB": 0.444
}