{
  "bg": 182, 
  "temp": "absolute", 
  "snoozeBG": 162, 
  "recieved": true, 
  "predBGs": {
    "IOB": [
      182, 
      183, 
      183, 
      183, 
      182, 
      181, 
      179, 
      177, 
      175, 
      172, 
      169, 
      165, 
      161, 
      156, 
      152, 
      148, 
      144, 
      140, 
      136, 
      132, 
      128, 
      124, 
      120, 
      117, 
      114, 
      111, 
      108, 
      106, 
      104, 
      102, 
      100, 
      99, 
      97, 
      96, 
      95, 
      94
    ]
  }, 
  "rate": 1.625, 
  "reason": "COB: 0, Dev: 31, BGI: -4.16, ISF: 83.3, Target: 117; Eventual BG 162 >= 117, 26m@1.775 = 0.769 > req 0.5402160864345739+0.1U. Setting temp basal of 1.65U/hr", 
  "COB": 0, 
  "eventualBG": 162, 
  "timestamp": "2016-07-30T14:00:32.743553", 
  "duration": 30, 
  "tick": "+1", 
  "IOB": 0.616
}