{
  "bg": 157, 
  "temp": "absolute", 
  "snoozeBG": 143, 
  "recieved": true, 
  "predBGs": {
    "COB": [
      157, 
      161, 
      164, 
      166, 
      168, 
      169, 
      170, 
      170, 
      170, 
      168, 
      167, 
      164, 
      161, 
      157, 
      154, 
      150, 
      146, 
      142, 
      138, 
      134, 
      130, 
      126, 
      123, 
      120, 
      117, 
      114, 
      111, 
      109, 
      107, 
      105, 
      103, 
      102, 
      100, 
      100, 
      99, 
      98
    ], 
    "aCOB": [
      157, 
      163, 
      168, 
      172, 
      175, 
      177, 
      177, 
      176, 
      174, 
      171, 
      167, 
      163, 
      160, 
      156, 
      152, 
      148, 
      144, 
      140, 
      136, 
      132, 
      128, 
      125, 
      121, 
      118, 
      115, 
      112, 
      110, 
      107, 
      105, 
      103, 
      101, 
      100, 
      99, 
      98, 
      97, 
      97, 
      96
    ], 
    "IOB": [
      157, 
      160, 
      163, 
      166, 
      167, 
      168, 
      169, 
      168, 
      167, 
      165, 
      163, 
      160, 
      156, 
      152, 
      148, 
      144, 
      140, 
      136, 
      132, 
      129, 
      125, 
      121, 
      118, 
      114, 
      111, 
      108, 
      106, 
      104, 
      101, 
      99, 
      98, 
      96, 
      95, 
      94, 
      93, 
      93, 
      92
    ]
  }, 
  "rate": 1.1, 
  "reason": "COB: 8, Dev: 40, BGI: -2.68, ISF: 90.9, Target: 123; Eventual BG 143 >= 123, 30m@1.100 = 0.550 > req 0.22002200220022+0.1U. Setting temp basal of 1.1U/hr", 
  "COB": 8, 
  "eventualBG": 143, 
  "timestamp": "2016-07-20T21:10:59.817927", 
  "duration": 30, 
  "tick": "+4", 
  "IOB": 0.596
}