{
  "bg": 206, 
  "temp": "absolute", 
  "snoozeBG": 126, 
  "recieved": true, 
  "predBGs": {
    "COB": [
      206, 
      206, 
      205, 
      203, 
      201, 
      199, 
      196, 
      193, 
      189, 
      185, 
      180, 
      175, 
      170, 
      164, 
      158, 
      152, 
      145, 
      138, 
      131, 
      124, 
      117, 
      111, 
      105, 
      100, 
      95, 
      91, 
      87, 
      84, 
      81, 
      78, 
      76, 
      74, 
      72, 
      71, 
      70, 
      69, 
      68
    ], 
    "aCOB": [
      206, 
      207, 
      207, 
      206, 
      205, 
      203, 
      201, 
      197, 
      193, 
      189, 
      184, 
      178, 
      172, 
      166, 
      159, 
      152, 
      144, 
      137, 
      130, 
      123, 
      117, 
      110, 
      105, 
      100, 
      95, 
      91, 
      87, 
      83, 
      80, 
      77, 
      75, 
      73, 
      72, 
      70, 
      69, 
      68
    ], 
    "IOB": [
      206, 
      205, 
      204, 
      202, 
      199, 
      196, 
      192, 
      187, 
      182, 
      176, 
      169, 
      162, 
      154, 
      146, 
      139, 
      132, 
      124, 
      117, 
      110, 
      103, 
      96, 
      90, 
      85, 
      80, 
      75, 
      70, 
      67, 
      63, 
      60, 
      57, 
      55, 
      53, 
      52, 
      50, 
      49, 
      48
    ]
  }, 
  "rate": 1.85, 
  "reason": "COB: 15, Dev: 52, BGI: -8.66, ISF: 77.7, Target: 80; Eventual BG 126 >= 80, 25m@1.925 = 0.802 > req 0.592020592020592+0.1U. Setting temp basal of 1.85U/hr", 
  "COB": 15, 
  "eventualBG": 126, 
  "timestamp": "2016-07-27T15:34:15.086172", 
  "duration": 30, 
  "tick": "+0", 
  "IOB": 1.705
}