{
  "bg": 139, 
  "temp": "absolute", 
  "snoozeBG": 153, 
  "recieved": true, 
  "predBGs": {
    "COB": [
      139, 
      145, 
      150, 
      153, 
      156, 
      158, 
      160, 
      161, 
      162, 
      163, 
      163, 
      163, 
      163, 
      162, 
      161, 
      159, 
      158, 
      156, 
      155, 
      153, 
      152, 
      150, 
      149, 
      148, 
      147, 
      146, 
      144, 
      142, 
      141, 
      139, 
      138, 
      137, 
      136, 
      135, 
      134
    ], 
    "aCOB": [
      139, 
      142, 
      144, 
      144, 
      144, 
      144, 
      144, 
      144, 
      143, 
      142, 
      141, 
      140, 
      139, 
      137, 
      136, 
      134, 
      133, 
      132, 
      131, 
      130, 
      129, 
      129, 
      129, 
      130, 
      131, 
      132, 
      132, 
      133, 
      134, 
      134, 
      135
    ], 
    "IOB": [
      139, 
      145, 
      148, 
      150, 
      150, 
      149, 
      147, 
      144, 
      140, 
      135, 
      129, 
      122, 
      114, 
      106, 
      98, 
      91, 
      84, 
      77, 
      71, 
      66, 
      61, 
      56, 
      52, 
      49, 
      47, 
      44, 
      42, 
      40, 
      39
    ]
  }, 
  "rate": 1.0, 
  "reason": "COB: 39, Dev: 80, BGI: -6.78, ISF: 84.2, Target: 118; Eventual BG 134 >= 118, 28m@0.675 = 0.315 > req 0.19002375296912113+0.1U. Setting temp basal of 1U/hr", 
  "COB": 39, 
  "eventualBG": 134, 
  "timestamp": "2016-07-23T15:31:44.163579", 
  "duration": 30, 
  "tick": "+7", 
  "IOB": 1.778
}