{
  "bg": 104, 
  "temp": "absolute", 
  "snoozeBG": 130, 
  "recieved": true, 
  "predBGs": {
    "COB": [
      104, 
      107, 
      110, 
      113, 
      116, 
      119, 
      122, 
      125, 
      128, 
      130, 
      133, 
      136, 
      139, 
      142, 
      145, 
      148, 
      151, 
      154, 
      157, 
      160, 
      163, 
      167, 
      170, 
      174, 
      177, 
      180, 
      183, 
      186, 
      189, 
      192, 
      195, 
      198, 
      200, 
      203, 
      205, 
      208, 
      210
    ], 
    "aCOB": [
      104, 
      111, 
      117, 
      124, 
      130, 
      136, 
      141, 
      147, 
      152, 
      157, 
      162, 
      167, 
      172, 
      177, 
      181, 
      185, 
      190, 
      194, 
      198, 
      201, 
      205, 
      209, 
      213, 
      216, 
      219, 
      222, 
      225, 
      227, 
      230, 
      232, 
      233, 
      235, 
      236, 
      237, 
      238, 
      239
    ], 
    "IOB": [
      104, 
      107, 
      109, 
      111, 
      112, 
      113, 
      113, 
      113, 
      113, 
      112, 
      110, 
      109, 
      107, 
      105, 
      103, 
      101, 
      99, 
      98, 
      97, 
      96, 
      95, 
      94, 
      94, 
      93, 
      92, 
      92, 
      92, 
      91, 
      91, 
      90, 
      90, 
      90, 
      89
    ]
  }, 
  "rate": 0.8, 
  "reason": "COB: 33, Dev: 37, BGI: -3.04, ISF: 92, Target: 123; Eventual BG 210 >= 123, 29m@0.525 = 0.254 > req 0.07608695652173914+0.1U. Setting temp basal of 0.8U/hr", 
  "COB": 33, 
  "eventualBG": 210, 
  "timestamp": "2016-07-20T20:35:29.523124", 
  "duration": 30, 
  "tick": "+8", 
  "IOB": 0.356
}