{
  "bg": 123, 
  "temp": "absolute", 
  "snoozeBG": 133, 
  "recieved": true, 
  "predBGs": {
    "IOB": [
      123, 
      124, 
      125, 
      126, 
      127, 
      128, 
      129, 
      130, 
      130, 
      131, 
      131, 
      131, 
      131, 
      131, 
      130, 
      129, 
      128, 
      127, 
      126, 
      124, 
      123, 
      122, 
      120, 
      119, 
      118, 
      117, 
      115, 
      114, 
      113, 
      112, 
      111, 
      111, 
      110, 
      110, 
      109
    ]
  }, 
  "rate": 0.8, 
  "reason": "COB: 0, Dev: 0, BGI: 0.96, ISF: 87, Target: 120; Eventual BG 133 >= 120, 24m@0.800 = 0.320 > req 0.14942528735632185+0.1U. Setting temp basal of 0.8U/hr", 
  "COB": 0, 
  "eventualBG": 133, 
  "timestamp": "2016-07-25T10:37:45.755767", 
  "duration": 30, 
  "tick": "+1", 
  "IOB": -0.119
}