{
  "bg": 186, 
  "temp": "absolute", 
  "snoozeBG": 142, 
  "recieved": true, 
  "predBGs": {
    "COB": [
      186, 
      190, 
      192, 
      194, 
      194, 
      194, 
      192, 
      190, 
      187, 
      183, 
      180, 
      177, 
      174, 
      171, 
      168, 
      165, 
      162, 
      159, 
      156, 
      153, 
      151, 
      148, 
      146, 
      145, 
      144, 
      143, 
      143, 
      143, 
      143, 
      143, 
      143, 
      144, 
      144, 
      144, 
      143, 
      143, 
      142
    ], 
    "aCOB": [
      186, 
      184, 
      180, 
      176, 
      172, 
      166, 
      160, 
      153, 
      147, 
      140, 
      133, 
      126, 
      120, 
      115, 
      109, 
      105, 
      100, 
      95, 
      91, 
      88, 
      84, 
      82, 
      80, 
      79, 
      78, 
      78, 
      79, 
      80, 
      82, 
      84, 
      87, 
      90, 
      92, 
      96, 
      99, 
      102, 
      105
    ], 
    "IOB": [
      186, 
      189, 
      189, 
      188, 
      185, 
      180, 
      173, 
      164, 
      154, 
      143, 
      131, 
      117, 
      103, 
      90, 
      77, 
      65, 
      53, 
      41, 
      39
    ]
  }, 
  "rate": 1.35, 
  "reason": "COB: 57, Dev: 98, BGI: -12.32, ISF: 81.6, Target: 116; Eventual BG 142 >= 116, 27m@1.725 = 0.776 > req 0.3186274509803922+0.1U. Setting temp basal of 1.35U/hr", 
  "COB": 57, 
  "eventualBG": 142, 
  "timestamp": "2016-07-30T20:00:02.952906", 
  "duration": 30, 
  "tick": "+4", 
  "IOB": 3.112
}