{
  "requested": {
    "duration": 30, 
    "rate": 0.85, 
    "temp": "absolute"
  }, 
  "bg": 108, 
  "temp": "absolute", 
  "snoozeBG": 130, 
  "timestamp": "2016-07-30T09:21:41.977336", 
  "predBGs": {
    "COB": [
      108, 
      112, 
      115, 
      118, 
      121, 
      123, 
      124, 
      125, 
      125, 
      125, 
      124, 
      123, 
      122, 
      120, 
      118, 
      116, 
      114, 
      111, 
      109, 
      107, 
      104, 
      102, 
      101, 
      99, 
      97, 
      96, 
      95, 
      94, 
      94, 
      93, 
      93, 
      93, 
      93, 
      93, 
      93, 
      93, 
      94
    ], 
    "aCOB": [
      108, 
      118, 
      127, 
      135, 
      142, 
      148, 
      153, 
      156, 
      158, 
      159, 
      159, 
      157, 
      155, 
      152, 
      148, 
      144, 
      140, 
      135, 
      131, 
      127, 
      123, 
      119, 
      116, 
      113, 
      110, 
      107, 
      105, 
      103, 
      101, 
      99, 
      98, 
      97, 
      96, 
      95, 
      94
    ], 
    "IOB": [
      108, 
      112, 
      115, 
      117, 
      119, 
      120, 
      120, 
      120, 
      119, 
      117, 
      114, 
      111, 
      107, 
      104, 
      100, 
      95, 
      91, 
      87, 
      82, 
      78, 
      74, 
      71, 
      67, 
      64, 
      61, 
      58, 
      56, 
      54, 
      52, 
      51, 
      49, 
      48, 
      47, 
      46, 
      46, 
      45
    ]
  }, 
  "rate": 1.95, 
  "reason": "COB: 10, Dev: 18, BGI: 0.88, ISF: 84.2, Target: 80; Eventual BG 94 >= 80, 21m@1.425 = 0.499 > req 0.166270783847981+0.1U. Setting temp basal of 0.85U/hr", 
  "COB": 10, 
  "eventualBG": 94, 
  "recieved": false, 
  "duration": 20, 
  "tick": "+6", 
  "IOB": 0.509
}