{
  "bg": 115, 
  "temp": "absolute", 
  "snoozeBG": 127, 
  "recieved": true, 
  "predBGs": {
    "IOB": [
      115, 
      117, 
      118, 
      120, 
      121, 
      122, 
      122, 
      123, 
      123, 
      122, 
      122, 
      121, 
      119, 
      117, 
      116, 
      114, 
      112, 
      110, 
      109, 
      107, 
      106, 
      105, 
      103, 
      102, 
      100, 
      99, 
      98, 
      97, 
      96, 
      95, 
      94, 
      93, 
      92, 
      92, 
      91, 
      91, 
      90
    ]
  }, 
  "rate": 0.8, 
  "reason": "COB: 0, Dev: 26, BGI: -2.3, ISF: 80.8, Target: 116; Eventual BG 127 >= 116, 27m@0.875 = 0.394 > req 0.13613861386138615+0.1U. Setting temp basal of 0.825U/hr", 
  "COB": 0, 
  "eventualBG": 127, 
  "timestamp": "2016-07-24T10:09:03.194981", 
  "duration": 30, 
  "tick": "+2", 
  "IOB": 0.173
}