{
  "requested": {
    "duration": 30, 
    "rate": 2.15, 
    "temp": "absolute"
  }, 
  "bg": 113, 
  "temp": "absolute", 
  "snoozeBG": 144, 
  "timestamp": "2016-07-23T21:57:54.386446", 
  "predBGs": {
    "COB": [
      113, 
      116, 
      119, 
      122, 
      126, 
      129, 
      133, 
      136, 
      140, 
      144, 
      148, 
      151, 
      155, 
      159, 
      162, 
      165, 
      167, 
      169, 
      171, 
      172, 
      173, 
      174, 
      175, 
      175, 
      176, 
      177, 
      178, 
      179, 
      179, 
      180, 
      181, 
      181, 
      182, 
      182, 
      183, 
      184
    ], 
    "aCOB": [
      113, 
      116, 
      120, 
      123, 
      127, 
      131, 
      135, 
      139, 
      143, 
      147, 
      151, 
      154, 
      158, 
      162, 
      166, 
      169, 
      171, 
      173, 
      175, 
      176, 
      177, 
      178, 
      179, 
      179, 
      180, 
      181, 
      181, 
      182, 
      183, 
      183, 
      184, 
      184, 
      184, 
      185, 
      185, 
      185, 
      186
    ], 
    "IOB": [
      113, 
      115, 
      117, 
      119, 
      120, 
      121, 
      121, 
      120, 
      120, 
      118, 
      116, 
      113, 
      110, 
      107, 
      104, 
      101, 
      97, 
      93, 
      89, 
      85, 
      81, 
      77, 
      74, 
      70, 
      67, 
      64, 
      61, 
      58, 
      55, 
      53, 
      51, 
      49, 
      47, 
      46, 
      44, 
      43, 
      42
    ]
  }, 
  "rate": 2.625, 
  "reason": "COB: 37, Dev: 58, BGI: -6.59, ISF: 87.9, Target: 80; Eventual BG 184 >= 80, 28m@1.950 = 0.910 > req 0.7281001137656428+0.1U. Setting temp basal of 2.15U/hr", 
  "COB": 37, 
  "eventualBG": 184, 
  "recieved": false, 
  "duration": 27, 
  "tick": "+3", 
  "IOB": 0.445
}