{
  "bg": 161, 
  "temp": "absolute", 
  "snoozeBG": 120, 
  "recieved": true, 
  "predBGs": {
    "COB": [
      161, 
      166, 
      171, 
      176, 
      180, 
      184, 
      186, 
      188, 
      190, 
      190, 
      189, 
      188, 
      187, 
      184, 
      182, 
      179, 
      175, 
      172, 
      168, 
      164, 
      160, 
      156, 
      153, 
      149, 
      146, 
      142, 
      139, 
      136, 
      134, 
      131, 
      128, 
      126, 
      124, 
      123, 
      122, 
      121, 
      120
    ], 
    "aCOB": [
      161, 
      168, 
      174, 
      181, 
      186, 
      191, 
      195, 
      198, 
      200, 
      201, 
      201, 
      200, 
      198, 
      196, 
      193, 
      190, 
      186, 
      182, 
      178, 
      173, 
      168, 
      163, 
      158, 
      154, 
      149, 
      144, 
      140, 
      136, 
      133, 
      130, 
      127, 
      125, 
      124, 
      122, 
      121, 
      120, 
      119
    ], 
    "IOB": [
      161, 
      166, 
      170, 
      173, 
      176, 
      178, 
      178, 
      177, 
      175, 
      172, 
      167, 
      162, 
      155, 
      148, 
      141, 
      134, 
      127, 
      120, 
      113, 
      106, 
      99, 
      93, 
      87, 
      82, 
      77, 
      73, 
      68, 
      65, 
      61, 
      58, 
      56, 
      54, 
      52, 
      51, 
      49, 
      49, 
      48
    ]
  }, 
  "rate": 1.75, 
  "reason": "COB: 23, Dev: 48, BGI: -2.86, ISF: 84.2, Target: 80; Eventual BG 120 >= 80, 28m@1.750 = 0.817 > req 0.4750593824228028+0.1U. Setting temp basal of 1.75U/hr", 
  "COB": 23, 
  "eventualBG": 120, 
  "timestamp": "2016-07-21T23:29:25.665775", 
  "duration": 30, 
  "tick": "+7", 
  "IOB": 1.101
}