{
  "bg": 178, 
  "temp": "absolute", 
  "snoozeBG": 137, 
  "recieved": true, 
  "predBGs": {
    "COB": [
      178, 
      179, 
      179, 
      179, 
      179, 
      179, 
      178, 
      177, 
      175, 
      174, 
      172, 
      169, 
      166, 
      162, 
      158, 
      153, 
      148, 
      144, 
      139, 
      134, 
      130, 
      126, 
      122, 
      119, 
      115, 
      113, 
      110, 
      108, 
      106, 
      104, 
      102, 
      101, 
      100, 
      99, 
      98, 
      97
    ], 
    "aCOB": [
      178, 
      182, 
      184, 
      186, 
      187, 
      188, 
      187, 
      185, 
      183, 
      180, 
      176, 
      171, 
      166, 
      162, 
      157, 
      152, 
      147, 
      142, 
      137, 
      133, 
      128, 
      124, 
      120, 
      117, 
      114, 
      111, 
      108, 
      106, 
      104, 
      102, 
      101, 
      99, 
      98, 
      97, 
      96, 
      96, 
      95
    ], 
    "IOB": [
      178, 
      178, 
      179, 
      178, 
      178, 
      177, 
      175, 
      173, 
      171, 
      168, 
      164, 
      160, 
      156, 
      151, 
      146, 
      141, 
      136, 
      131, 
      126, 
      122, 
      118, 
      114, 
      110, 
      106, 
      103, 
      100, 
      98, 
      95, 
      93, 
      91, 
      90, 
      89, 
      87, 
      86, 
      86, 
      85
    ]
  }, 
  "rate": 1.625, 
  "reason": "COB: 12, Dev: 39, BGI: -5.47, ISF: 68.4, Target: 107; Eventual BG 137 >= 107, 26m@1.450 = 0.628 > req 0.43859649122807015+0.1U. Setting temp basal of 1.65U/hr", 
  "COB": 12, 
  "eventualBG": 137, 
  "timestamp": "2016-07-26T15:27:36.941591", 
  "duration": 30, 
  "tick": "+1", 
  "IOB": 1.166
}