{
  "bg": 171, 
  "temp": "absolute", 
  "snoozeBG": 163, 
  "recieved": true, 
  "predBGs": {
    "IOB": [
      171, 
      176, 
      180, 
      184, 
      187, 
      189, 
      190, 
      190, 
      189, 
      188, 
      185, 
      181, 
      177, 
      171, 
      166, 
      161, 
      155, 
      150, 
      144, 
      139, 
      133, 
      128, 
      123, 
      119, 
      114, 
      110, 
      107, 
      103, 
      100, 
      97, 
      95, 
      93, 
      91, 
      90, 
      88, 
      88, 
      87
    ]
  }, 
  "rate": 2.375, 
  "reason": "COB: 0, Dev: 52, BGI: -3.12, ISF: 70.2, Target: 108; Eventual BG 163 >= 108, 27m@2.150 = 0.967 > req 0.7834757834757834+0.1U. Setting temp basal of 2.4U/hr", 
  "COB": 0, 
  "eventualBG": 163, 
  "timestamp": "2016-07-26T19:42:56.841487", 
  "duration": 30, 
  "tick": "+6", 
  "IOB": 0.853
}