{
  "bg": 146, 
  "temp": "absolute", 
  "snoozeBG": 140, 
  "recieved": true, 
  "predBGs": {
    "COB": [
      146, 
      148, 
      148, 
      147, 
      144, 
      141, 
      138, 
      135, 
      132, 
      129, 
      126, 
      122, 
      118, 
      115, 
      111, 
      107, 
      103, 
      99, 
      95, 
      92, 
      88, 
      85, 
      82, 
      79, 
      76, 
      73, 
      71, 
      68, 
      66, 
      64, 
      63, 
      61, 
      60, 
      59, 
      58, 
      57
    ], 
    "aCOB": [
      146, 
      149, 
      149, 
      146, 
      143, 
      140, 
      137, 
      134, 
      130, 
      127, 
      124, 
      120, 
      117, 
      113, 
      109, 
      105, 
      101, 
      97, 
      93, 
      90, 
      86, 
      83, 
      80, 
      77, 
      74, 
      71, 
      69, 
      67, 
      64, 
      63, 
      61, 
      59, 
      58, 
      57, 
      56, 
      56, 
      55
    ], 
    "IOB": [
      146, 
      148, 
      150, 
      152, 
      153, 
      154, 
      154, 
      154, 
      153, 
      151, 
      149, 
      146, 
      142, 
      139, 
      135, 
      131, 
      127, 
      123, 
      119, 
      116, 
      112, 
      109, 
      106, 
      103, 
      100, 
      97, 
      95, 
      92, 
      90, 
      88, 
      87, 
      85, 
      84, 
      83, 
      82, 
      81
    ]
  }, 
  "rate": 1.425, 
  "reason": "COB: 3, Dev: 39, BGI: -3.44, ISF: 75.5, Target: 112; Eventual BG 140 >= 112, 26m@1.500 = 0.650 > req 0.3708609271523179+0.1U. Setting temp basal of 1.45U/hr", 
  "COB": 3, 
  "eventualBG": 140, 
  "timestamp": "2016-07-27T18:46:22.919846", 
  "duration": 30, 
  "tick": "+3", 
  "IOB": 0.595
}