{
  "bg": 158, 
  "temp": "absolute", 
  "snoozeBG": 114, 
  "recieved": true, 
  "predBGs": {
    "IOB": [
      158, 
      160, 
      161, 
      162, 
      163, 
      162, 
      162, 
      161, 
      159, 
      157, 
      154, 
      151, 
      147, 
      143, 
      139, 
      134, 
      130, 
      126, 
      122, 
      118, 
      115, 
      111, 
      108, 
      105, 
      103, 
      100, 
      98, 
      96, 
      95, 
      93, 
      92, 
      91, 
      91, 
      90, 
      90, 
      89
    ]
  }, 
  "rate": 0.875, 
  "reason": "COB: 0, Dev: 16, BGI: -0.68, ISF: 68.4, Target: 107; Eventual BG 111 >= 107, 9m@2.025 = 0.304 > req 0.05847953216374269+0.1U. Setting temp basal of 0.875U/hr", 
  "COB": 0, 
  "eventualBG": 111, 
  "timestamp": "2016-07-26T17:47:54.718197", 
  "duration": 30, 
  "tick": "+2", 
  "IOB": 0.914
}