{
  "bg": 122, 
  "temp": "absolute", 
  "snoozeBG": 125, 
  "recieved": true, 
  "predBGs": {
    "IOB": [
      122, 
      124, 
      126, 
      127, 
      128, 
      129, 
      129, 
      129, 
      128, 
      127, 
      125, 
      123, 
      120, 
      117, 
      114, 
      110, 
      106, 
      103, 
      99, 
      95, 
      92, 
      88, 
      85, 
      82, 
      79, 
      76, 
      73, 
      71, 
      69, 
      67, 
      65, 
      63, 
      62, 
      61, 
      61, 
      60
    ]
  }, 
  "rate": 0.925, 
  "reason": "COB: 0, Dev: 3, BGI: 1.46, ISF: 83.3, Target: 80; Eventual BG 88 >= 80, 27m@0.825 = 0.371 > req 0.09603841536614646+0.1U. Setting temp basal of 0.925U/hr", 
  "COB": 0, 
  "eventualBG": 88, 
  "timestamp": "2016-07-24T20:48:14.594381", 
  "duration": 30, 
  "tick": "+2", 
  "IOB": 0.449
}