{
  "bg": 140, 
  "temp": "absolute", 
  "snoozeBG": 223, 
  "recieved": true, 
  "predBGs": {
    "COB": [
      140, 
      148, 
      155, 
      161, 
      167, 
      172, 
      176, 
      179, 
      182, 
      183, 
      183, 
      183, 
      181, 
      179, 
      176, 
      173, 
      169, 
      165, 
      160, 
      155, 
      151, 
      146, 
      141, 
      137, 
      132, 
      128, 
      124, 
      120, 
      116, 
      113, 
      110, 
      108, 
      106, 
      104, 
      103, 
      102, 
      101
    ], 
    "aCOB": [
      140, 
      150, 
      160, 
      169, 
      176, 
      183, 
      189, 
      193, 
      196, 
      198, 
      199, 
      198, 
      196, 
      193, 
      190, 
      185, 
      180, 
      174, 
      168, 
      161, 
      154, 
      148, 
      142, 
      137, 
      131, 
      127, 
      122, 
      118, 
      114, 
      111, 
      109, 
      106, 
      104, 
      103, 
      102, 
      101, 
      100
    ], 
    "IOB": [
      140, 
      147, 
      154, 
      159, 
      164, 
      167, 
      169, 
      171, 
      170, 
      169, 
      166, 
      162, 
      156, 
      150, 
      144, 
      138, 
      131, 
      124, 
      118, 
      111, 
      104, 
      98, 
      92, 
      86, 
      81, 
      76, 
      72, 
      68, 
      64, 
      61, 
      58, 
      56, 
      54, 
      53, 
      52, 
      51, 
      50
    ]
  }, 
  "rate": 1.425, 
  "reason": "COB: 12, Dev: 42, BGI: 0.88, ISF: 93, Target: 80; Eventual BG 126 >= 80, 27m@1.875 = 0.844 > req 0.4946236559139785+0.1U. Setting temp basal of 1.45U/hr", 
  "COB": 12, 
  "eventualBG": 126, 
  "timestamp": "2016-07-31T08:13:11.869226", 
  "duration": 30, 
  "tick": "+8", 
  "IOB": 0.601
}