{
  "bg": 158, 
  "temp": "absolute", 
  "snoozeBG": 119, 
  "recieved": true, 
  "predBGs": {
    "IOB": [
      158, 
      159, 
      159, 
      159, 
      158, 
      157, 
      156, 
      154, 
      151, 
      148, 
      144, 
      140, 
      136, 
      132, 
      127, 
      123, 
      118, 
      114, 
      109, 
      104, 
      100, 
      96, 
      92, 
      89, 
      85, 
      82, 
      80, 
      77, 
      75, 
      73, 
      72, 
      70, 
      69, 
      68, 
      67, 
      67, 
      66
    ]
  }, 
  "rate": 1.75, 
  "reason": "COB: 0, Dev: 22, BGI: -2.73, ISF: 74.8, Target: 80; Eventual BG 119 >= 80, 27m@1.400 = 0.630 > req 0.5213903743315508+0.1U. Setting temp basal of 1.75U/hr", 
  "COB": 0, 
  "eventualBG": 119, 
  "timestamp": "2016-07-27T19:14:41.021638", 
  "duration": 30, 
  "tick": "+1", 
  "IOB": 0.821
}