{
  "bg": 130, 
  "temp": "absolute", 
  "snoozeBG": 134, 
  "recieved": true, 
  "predBGs": {
    "COB": [
      130, 
      136, 
      140, 
      144, 
      147, 
      149, 
      150, 
      151, 
      151, 
      152, 
      151, 
      151, 
      150, 
      149, 
      148, 
      146, 
      145, 
      143, 
      140, 
      138, 
      136, 
      134, 
      132, 
      130, 
      128, 
      127, 
      125, 
      123, 
      122, 
      120, 
      119, 
      118, 
      117, 
      116, 
      115, 
      115, 
      114
    ], 
    "aCOB": [
      130, 
      135, 
      140, 
      143, 
      146, 
      147, 
      148, 
      149, 
      150, 
      150, 
      150, 
      149, 
      148, 
      147, 
      146, 
      145, 
      143, 
      141, 
      139, 
      137, 
      135, 
      133, 
      131, 
      129, 
      128, 
      126, 
      125, 
      123, 
      122, 
      120, 
      119, 
      118, 
      117, 
      116, 
      115, 
      115, 
      114
    ], 
    "IOB": [
      130, 
      135, 
      139, 
      141, 
      142, 
      142, 
      140, 
      138, 
      134, 
      130, 
      126, 
      120, 
      114, 
      107, 
      101, 
      95, 
      89, 
      83, 
      78, 
      73, 
      68, 
      64, 
      60, 
      57, 
      54, 
      52, 
      50, 
      48, 
      47, 
      45, 
      44, 
      43, 
      42, 
      41, 
      40, 
      39
    ]
  }, 
  "rate": 1.5, 
  "reason": "COB: 26, Dev: 62, BGI: -4.34, ISF: 84.2, Target: 80; Eventual BG 114 >= 80, 27m@1.325 = 0.596 > req 0.40380047505938244+0.1U. Setting temp basal of 1.5U/hr", 
  "COB": 26, 
  "eventualBG": 114, 
  "timestamp": "2016-07-24T21:42:00.506843", 
  "duration": 30, 
  "tick": "+7", 
  "IOB": 1.162
}