{
  "bg": 161, 
  "temp": "absolute", 
  "snoozeBG": 128, 
  "recieved": true, 
  "predBGs": {
    "COB": [
      161, 
      162, 
      162, 
      161, 
      158, 
      155, 
      150, 
      144, 
      137, 
      131, 
      124, 
      118, 
      111, 
      104, 
      98, 
      92, 
      86, 
      80, 
      75, 
      70, 
      66, 
      63, 
      61, 
      59, 
      58, 
      58, 
      59, 
      60, 
      63, 
      65, 
      68, 
      71, 
      75, 
      78, 
      82, 
      86, 
      90
    ], 
    "aCOB": [
      161, 
      165, 
      167, 
      168, 
      168, 
      167, 
      164, 
      161, 
      156, 
      152, 
      147, 
      142, 
      138, 
      133, 
      128, 
      124, 
      120, 
      116, 
      112, 
      109, 
      106, 
      104, 
      103, 
      103, 
      103, 
      104, 
      106, 
      109, 
      112, 
      115, 
      119, 
      123, 
      127, 
      132, 
      136, 
      141, 
      145
    ], 
    "IOB": [
      161, 
      161, 
      160, 
      157, 
      153, 
      146, 
      138, 
      129, 
      118, 
      106, 
      94, 
      81, 
      68, 
      55, 
      42, 
      39
    ]
  }, 
  "rate": 1.125, 
  "reason": "COB: 89, Dev: 44, BGI: -6.35, ISF: 70.2, Target: 80; Eventual BG 90 >= 80, 27m@2.150 = 0.967 > req 0.14245014245014245+0.1U. Setting temp basal of 1.15U/hr", 
  "COB": 89, 
  "eventualBG": 90, 
  "timestamp": "2016-07-22T21:01:04.999644", 
  "duration": 30, 
  "tick": "+1", 
  "IOB": 3.017
}