{
  "bg": 173, 
  "temp": "absolute", 
  "snoozeBG": 130, 
  "recieved": true, 
  "predBGs": {
    "IOB": [
      173, 
      173, 
      173, 
      172, 
      171, 
      170, 
      168, 
      167, 
      165, 
      162, 
      160, 
      157, 
      154, 
      150, 
      147, 
      144, 
      141, 
      138, 
      135, 
      132, 
      129, 
      127, 
      125, 
      123, 
      121, 
      119, 
      117, 
      116, 
      115, 
      114, 
      113, 
      113, 
      112, 
      112, 
      111
    ]
  }, 
  "rate": 0.675, 
  "reason": "COB: 0, Dev: 6, BGI: -0.98, ISF: 88.9, Target: 121; Eventual BG 130 >= 121, 30m@0.475 = 0.237 > req 0.10123734533183351+0.1U. Setting temp basal of 0.7U/hr", 
  "COB": 0, 
  "eventualBG": 130, 
  "timestamp": "2016-07-21T03:34:26.113304", 
  "duration": 30, 
  "tick": "+0", 
  "IOB": 0.552
}