{
  "bg": 178, 
  "temp": "absolute", 
  "snoozeBG": 101, 
  "recieved": true, 
  "predBGs": {
    "COB": [
      178, 
      181, 
      183, 
      184, 
      184, 
      184, 
      183, 
      181, 
      178, 
      174, 
      170, 
      165, 
      160, 
      154, 
      148, 
      142, 
      136, 
      129, 
      122, 
      116, 
      109, 
      103, 
      96, 
      90, 
      85, 
      80, 
      75, 
      71, 
      68, 
      65, 
      62, 
      60, 
      58, 
      56, 
      55, 
      54, 
      53
    ], 
    "aCOB": [
      178, 
      184, 
      189, 
      193, 
      196, 
      197, 
      197, 
      196, 
      193, 
      190, 
      185, 
      180, 
      173, 
      166, 
      158, 
      149, 
      141, 
      132, 
      124, 
      116, 
      109, 
      101, 
      95, 
      89, 
      83, 
      78, 
      73, 
      69, 
      66, 
      63, 
      60, 
      58, 
      56, 
      54, 
      53, 
      52, 
      51
    ], 
    "IOB": [
      178, 
      180, 
      182, 
      182, 
      182, 
      180, 
      177, 
      173, 
      169, 
      163, 
      156, 
      148, 
      140, 
      132, 
      123, 
      115, 
      106, 
      98, 
      90, 
      82, 
      74, 
      67, 
      60, 
      54, 
      48, 
      43, 
      39
    ]
  }, 
  "rate": 1.3, 
  "reason": "COB: 14, Dev: 37, BGI: -3.12, ISF: 83.3, Target: 80; Eventual BG 101 >= 80, 30m@1.950 = 0.975 > req 0.25210084033613445+0.1U. Setting temp basal of 1.3U/hr", 
  "COB": 14, 
  "eventualBG": 101, 
  "timestamp": "2016-07-21T23:50:27.367786", 
  "duration": 30, 
  "tick": "+3", 
  "IOB": 1.37
}