{
  "bg": 175, 
  "temp": "absolute", 
  "snoozeBG": 94, 
  "recieved": true, 
  "predBGs": {
    "COB": [
      175, 
      178, 
      180, 
      181, 
      182, 
      182, 
      181, 
      179, 
      177, 
      173, 
      170, 
      165, 
      160, 
      155, 
      150, 
      144, 
      138, 
      132, 
      126, 
      120, 
      114, 
      108, 
      103, 
      98, 
      93, 
      89, 
      85, 
      81, 
      78, 
      74, 
      72, 
      70, 
      68, 
      66, 
      65, 
      64, 
      63
    ], 
    "aCOB": [
      175, 
      182, 
      187, 
      192, 
      195, 
      197, 
      198, 
      198, 
      196, 
      193, 
      190, 
      185, 
      179, 
      173, 
      166, 
      158, 
      149, 
      141, 
      133, 
      125, 
      118, 
      111, 
      104, 
      98, 
      92, 
      87, 
      83, 
      79, 
      75, 
      72, 
      70, 
      67, 
      66, 
      64, 
      63, 
      62, 
      61
    ], 
    "IOB": [
      175, 
      178, 
      179, 
      180, 
      179, 
      178, 
      175, 
      172, 
      167, 
      161, 
      155, 
      148, 
      140, 
      131, 
      123, 
      115, 
      106, 
      98, 
      90, 
      82, 
      75, 
      67, 
      61, 
      55, 
      49, 
      44, 
      40, 
      39
    ]
  }, 
  "rate": 1.1, 
  "reason": "COB: 15, Dev: 34, BGI: -2.61, ISF: 84.2, Target: 80; Eventual BG 94 >= 80, 28m@1.975 = 0.922 > req 0.166270783847981+0.1U. Setting temp basal of 1.1U/hr", 
  "COB": 15, 
  "eventualBG": 94, 
  "timestamp": "2016-07-21T23:44:18.438821", 
  "duration": 30, 
  "tick": "+3", 
  "IOB": 1.364
}