{
  "bg": 149, 
  "temp": "absolute", 
  "snoozeBG": 125, 
  "recieved": true, 
  "predBGs": {
    "IOB": [
      149, 
      149, 
      148, 
      148, 
      147, 
      146, 
      145, 
      143, 
      142, 
      140, 
      138, 
      136, 
      133, 
      130, 
      128, 
      126, 
      124, 
      122, 
      120, 
      119, 
      118, 
      116, 
      115, 
      114, 
      113, 
      112, 
      111, 
      111, 
      110, 
      109, 
      109, 
      108, 
      108, 
      107
    ]
  }, 
  "rate": 0.675, 
  "reason": "COB: 0, Dev: 23, BGI: -3.79, ISF: 85.1, Target: 119; Eventual BG 125 >= 119, 27m@0.475 = 0.214 > req 0.07050528789659224+0.1U. Setting temp basal of 0.675U/hr", 
  "COB": 0, 
  "eventualBG": 125, 
  "timestamp": "2016-07-29T08:35:16.945037", 
  "duration": 30, 
  "tick": "+0", 
  "IOB": 0.549
}