{
  "bg": 189, 
  "temp": "absolute", 
  "snoozeBG": 87, 
  "recieved": true, 
  "predBGs": {
    "COB": [
      189, 
      190, 
      190, 
      188, 
      184, 
      180, 
      174, 
      167, 
      159, 
      149, 
      140, 
      130, 
      121, 
      112, 
      102, 
      94, 
      85, 
      77, 
      69, 
      62, 
      55, 
      49, 
      43, 
      39
    ], 
    "aCOB": [
      189, 
      191, 
      191, 
      189, 
      186, 
      181, 
      175, 
      168, 
      159, 
      149, 
      140, 
      130, 
      121, 
      111, 
      102, 
      93, 
      85, 
      76, 
      69, 
      61, 
      54, 
      48, 
      42, 
      39
    ], 
    "IOB": [
      189, 
      190, 
      190, 
      189, 
      187, 
      183, 
      179, 
      174, 
      167, 
      160, 
      152, 
      143, 
      134, 
      124, 
      115, 
      106, 
      98, 
      90, 
      82, 
      75, 
      68, 
      61, 
      56, 
      51, 
      46, 
      42, 
      39
    ]
  }, 
  "rate": 0.75, 
  "reason": "COB: 8, Dev: 55, BGI: -7.12, ISF: 83.3, Target: 80; Eventual BG 87 >= 80, 30m@1.275 = 0.638 > req 0.08403361344537816+0.1U. Setting temp basal of 0.75U/hr", 
  "COB": 8, 
  "eventualBG": 87, 
  "timestamp": "2016-07-22T00:17:03.767164", 
  "duration": 30, 
  "tick": "+2", 
  "IOB": 1.884
}