{
  "bg": 187, 
  "temp": "absolute", 
  "snoozeBG": 119, 
  "recieved": true, 
  "predBGs": {
    "COB": [
      187, 
      187, 
      188, 
      187, 
      187, 
      186, 
      184, 
      182, 
      179, 
      176, 
      172, 
      168, 
      163, 
      158, 
      153, 
      147, 
      141, 
      135, 
      129, 
      122, 
      115, 
      109, 
      103, 
      97, 
      92, 
      87, 
      82, 
      78, 
      75, 
      71, 
      69, 
      66, 
      64, 
      62, 
      61, 
      60, 
      59
    ], 
    "aCOB": [
      187, 
      187, 
      187, 
      186, 
      185, 
      183, 
      182, 
      179, 
      176, 
      173, 
      169, 
      165, 
      161, 
      156, 
      151, 
      145, 
      140, 
      134, 
      128, 
      122, 
      116, 
      109, 
      103, 
      97, 
      92, 
      87, 
      83, 
      79, 
      75, 
      72, 
      69, 
      66, 
      64, 
      62, 
      61, 
      60, 
      59
    ], 
    "IOB": [
      187, 
      187, 
      187, 
      185, 
      183, 
      180, 
      177, 
      172, 
      167, 
      160, 
      153, 
      145, 
      136, 
      128, 
      119, 
      111, 
      103, 
      96, 
      89, 
      82, 
      75, 
      68, 
      62, 
      57, 
      51, 
      46, 
      42, 
      39
    ]
  }, 
  "rate": 1.625, 
  "reason": "COB: 21, Dev: 64, BGI: -9.62, ISF: 79.2, Target: 80; Eventual BG 119 >= 80, 28m@2.350 = 1.097 > req 0.49242424242424243+0.1U. Setting temp basal of 1.65U/hr", 
  "COB": 21, 
  "eventualBG": 119, 
  "timestamp": "2016-07-27T15:13:18.048685", 
  "duration": 30, 
  "tick": "+1", 
  "IOB": 1.664
}