{
  "bg": 162, 
  "temp": "absolute", 
  "snoozeBG": 130, 
  "recieved": true, 
  "predBGs": {
    "IOB": [
      162, 
      165, 
      166, 
      167, 
      166, 
      165, 
      162, 
      159, 
      155, 
      150, 
      145, 
      138, 
      131, 
      124, 
      117, 
      110, 
      103, 
      96, 
      90, 
      84, 
      78, 
      72, 
      68, 
      63, 
      59, 
      56, 
      52, 
      50, 
      47, 
      45, 
      43, 
      42, 
      41, 
      40, 
      39
    ]
  }, 
  "rate": 0.625, 
  "reason": "COB: 0, Dev: 27, BGI: -1.53, ISF: 85.1, Target: 80; Eventual BG 84 >= 80, 25m@1.325 = 0.552 > req 0.04700352526439483+0.1U. Setting temp basal of 0.625U/hr", 
  "COB": 0, 
  "eventualBG": 84, 
  "timestamp": "2016-07-30T09:47:29.934735", 
  "duration": 30, 
  "tick": "+3", 
  "IOB": 1.236
}