{
  "bg": 166, 
  "temp": "absolute", 
  "snoozeBG": 160, 
  "recieved": true, 
  "predBGs": {
    "IOB": [
      166, 
      170, 
      173, 
      175, 
      177, 
      179, 
      180, 
      180, 
      179, 
      178, 
      177, 
      174, 
      171, 
      168, 
      165, 
      161, 
      157, 
      154, 
      150, 
      146, 
      142, 
      138, 
      135, 
      132, 
      129, 
      126, 
      123, 
      121, 
      119, 
      117, 
      116, 
      114, 
      113, 
      112, 
      111, 
      111, 
      110
    ]
  }, 
  "rate": 1.425, 
  "reason": "COB: 0, Dev: 25, BGI: -0.22, ISF: 88.9, Target: 121; Eventual BG 160 >= 121, 27m@1.200 = 0.540 > req 0.4386951631046119+0.1U. Setting temp basal of 1.45U/hr", 
  "COB": 0, 
  "eventualBG": 160, 
  "timestamp": "2016-07-21T03:19:36.544507", 
  "duration": 30, 
  "tick": "+4", 
  "IOB": 0.345
}