{
  "bg": 181, 
  "temp": "absolute", 
  "snoozeBG": 152, 
  "recieved": true, 
  "predBGs": {
    "COB": [
      181, 
      182, 
      183, 
      182, 
      179, 
      176, 
      171, 
      165, 
      159, 
      152, 
      145, 
      138, 
      131, 
      124, 
      117, 
      110, 
      104, 
      98, 
      91, 
      86, 
      80, 
      76, 
      71, 
      67, 
      64, 
      61, 
      58, 
      56, 
      54, 
      53, 
      51, 
      50, 
      49, 
      49, 
      48
    ], 
    "aCOB": [
      181, 
      186, 
      186, 
      183, 
      179, 
      174, 
      168, 
      162, 
      156, 
      149, 
      142, 
      135, 
      128, 
      121, 
      114, 
      107, 
      101, 
      94, 
      88, 
      83, 
      77, 
      72, 
      68, 
      64, 
      61, 
      58, 
      55, 
      53, 
      51, 
      50, 
      48, 
      47, 
      46, 
      46, 
      45
    ], 
    "IOB": [
      181, 
      183, 
      183, 
      183, 
      181, 
      179, 
      175, 
      171, 
      166, 
      160, 
      154, 
      147, 
      140, 
      133, 
      126, 
      119, 
      113, 
      106, 
      100, 
      95, 
      89, 
      84, 
      80, 
      76, 
      73, 
      70, 
      67, 
      65, 
      63, 
      62, 
      60, 
      59, 
      58, 
      58, 
      57
    ]
  }, 
  "rate": 0.75, 
  "reason": "COB: 2, Dev: 24, BGI: -1.98, ISF: 89.9, Target: 80; Eventual BG 91 >= 80, 28m@0.875 = 0.408 > req 0.12235817575083426+0.1U. Setting temp basal of 0.75U/hr", 
  "COB": 2, 
  "eventualBG": 91, 
  "timestamp": "2016-07-31T08:44:03.645169", 
  "duration": 30, 
  "tick": "+2", 
  "IOB": 1.263
}