{
  "bg": 161, 
  "temp": "absolute", 
  "snoozeBG": 212, 
  "recieved": true, 
  "predBGs": {
    "COB": [
      161, 
      169, 
      175, 
      180, 
      184, 
      186, 
      186, 
      185, 
      182, 
      178, 
      172, 
      166, 
      159, 
      152, 
      145, 
      137, 
      130, 
      123, 
      116, 
      109, 
      102, 
      96, 
      90, 
      85, 
      80, 
      76, 
      72, 
      68, 
      65, 
      63, 
      61, 
      59, 
      58, 
      56, 
      56, 
      55, 
      54
    ], 
    "aCOB": [
      161, 
      170, 
      177, 
      183, 
      187, 
      189, 
      189, 
      187, 
      183, 
      177, 
      171, 
      165, 
      158, 
      151, 
      144, 
      137, 
      129, 
      122, 
      115, 
      108, 
      101, 
      95, 
      90, 
      84, 
      79, 
      75, 
      71, 
      68, 
      65, 
      62, 
      60, 
      58, 
      57, 
      56, 
      55, 
      54
    ], 
    "IOB": [
      161, 
      169, 
      176, 
      181, 
      185, 
      188, 
      189, 
      188, 
      186, 
      183, 
      179, 
      173, 
      166, 
      159, 
      152, 
      144, 
      137, 
      130, 
      123, 
      116, 
      109, 
      103, 
      97, 
      92, 
      87, 
      83, 
      79, 
      75, 
      72, 
      70, 
      68, 
      66, 
      65, 
      63, 
      63, 
      62, 
      61
    ]
  }, 
  "rate": 1.125, 
  "reason": "COB: 6, Dev: 52, BGI: 0, ISF: 88.9, Target: 80; Eventual BG 110 >= 80, 27m@1.100 = 0.495 > req 0.3374578177727784+0.1U. Setting temp basal of 1.15U/hr", 
  "COB": 6, 
  "eventualBG": 110, 
  "timestamp": "2016-07-31T08:26:26.241837", 
  "duration": 30, 
  "tick": "+10", 
  "IOB": 1.162
}