{
  "bg": 244, 
  "temp": "absolute", 
  "snoozeBG": 207, 
  "recieved": true, 
  "predBGs": {
    "COB": [
      244, 
      245, 
      245, 
      244, 
      242, 
      239, 
      234, 
      229, 
      222, 
      214, 
      205, 
      195, 
      185, 
      176, 
      167, 
      158, 
      150, 
      142, 
      135, 
      128, 
      121, 
      116, 
      111, 
      106, 
      102, 
      98, 
      95, 
      92, 
      90, 
      87, 
      86, 
      84, 
      83, 
      82, 
      81, 
      81, 
      80
    ], 
    "aCOB": [
      244, 
      243, 
      241, 
      239, 
      236, 
      232, 
      228, 
      222, 
      216, 
      210, 
      202, 
      194, 
      186, 
      177, 
      168, 
      159, 
      151, 
      143, 
      136, 
      129, 
      123, 
      117, 
      112, 
      107, 
      103, 
      99, 
      96, 
      93, 
      91, 
      89, 
      87, 
      85, 
      84, 
      83, 
      82, 
      82, 
      81
    ], 
    "IOB": [
      244, 
      245, 
      245, 
      244, 
      243, 
      240, 
      236, 
      231, 
      225, 
      217, 
      209, 
      200, 
      190, 
      181, 
      172, 
      163, 
      155, 
      147, 
      140, 
      133, 
      127, 
      121, 
      116, 
      111, 
      107, 
      103, 
      100, 
      97, 
      95, 
      92, 
      91, 
      89, 
      88, 
      87, 
      86, 
      86, 
      85
    ]
  }, 
  "rate": 1.3, 
  "reason": "COB: 13, Dev: 75, BGI: -10.49, ISF: 86, Target: 119; Eventual BG 149 >= 119, 21m@1.600 = 0.560 > req 0.3488372093023256+0.1U. Setting temp basal of 1.3U/hr", 
  "COB": 13, 
  "eventualBG": 149, 
  "timestamp": "2016-07-23T17:16:31.393271", 
  "duration": 30, 
  "tick": "+2", 
  "IOB": 1.979
}