{
  "bg": 144, 
  "temp": "absolute", 
  "snoozeBG": 126, 
  "recieved": true, 
  "predBGs": {
    "COB": [
      144, 
      144, 
      143, 
      142, 
      139, 
      136, 
      133, 
      130, 
      127, 
      124, 
      120, 
      117, 
      114, 
      110, 
      107, 
      104, 
      100, 
      97, 
      94, 
      91, 
      89, 
      86, 
      84, 
      82, 
      80, 
      78, 
      77, 
      75, 
      74, 
      72, 
      71, 
      70, 
      70, 
      69, 
      68, 
      68, 
      67
    ], 
    "aCOB": [
      144, 
      146, 
      142, 
      139, 
      136, 
      133, 
      130, 
      127, 
      124, 
      121, 
      118, 
      114, 
      111, 
      108, 
      104, 
      101, 
      98, 
      94, 
      91, 
      89, 
      86, 
      84, 
      81, 
      79, 
      77, 
      76, 
      74, 
      72, 
      71, 
      70, 
      69, 
      68, 
      67, 
      66, 
      65
    ], 
    "IOB": [
      144, 
      145, 
      145, 
      145, 
      145, 
      144, 
      143, 
      142, 
      140, 
      138, 
      135, 
      132, 
      129, 
      125, 
      122, 
      119, 
      115, 
      112, 
      109, 
      106, 
      104, 
      101, 
      99, 
      97, 
      95, 
      93, 
      92, 
      90, 
      89, 
      88, 
      86, 
      85, 
      85, 
      84, 
      83, 
      83, 
      82
    ]
  }, 
  "rate": 0.975, 
  "reason": "COB: 2, Dev: 25, BGI: -3.14, ISF: 74.8, Target: 111; Eventual BG 125 >= 111, 28m@1.000 = 0.467 > req 0.18716577540106952+0.1U. Setting temp basal of 0.975U/hr", 
  "COB": 2, 
  "eventualBG": 125, 
  "timestamp": "2016-07-26T09:53:57.400500", 
  "duration": 30, 
  "tick": "+1", 
  "IOB": 0.591
}