{
  "bg": 178, 
  "temp": "absolute", 
  "snoozeBG": 144, 
  "recieved": true, 
  "predBGs": {
    "IOB": [
      178, 
      179, 
      179, 
      179, 
      179, 
      177, 
      176, 
      174, 
      172, 
      170, 
      167, 
      165, 
      162, 
      159, 
      156, 
      153, 
      150, 
      147, 
      144, 
      141, 
      138, 
      136, 
      134, 
      132, 
      130, 
      128, 
      127, 
      126, 
      125, 
      124, 
      124, 
      123, 
      122, 
      122, 
      122, 
      121
    ]
  }, 
  "rate": 0.85, 
  "reason": "COB: 0, Dev: 10, BGI: -0.6, ISF: 85.1, Target: 130; Eventual BG 144 >= 140, 28m@0.650 = 0.303 > req 0.1645123384253819+0.1U. Setting temp basal of 0.85U/hr", 
  "COB": 0, 
  "eventualBG": 144, 
  "timestamp": "2016-07-22T11:53:08.762947", 
  "duration": 30, 
  "tick": "+1", 
  "IOB": 0.519
}