{
  "bg": 152, 
  "temp": "absolute", 
  "snoozeBG": 141, 
  "recieved": true, 
  "predBGs": {
    "IOB": [
      152, 
      154, 
      156, 
      157, 
      159, 
      160, 
      160, 
      161, 
      161, 
      160, 
      159, 
      158, 
      157, 
      155, 
      153, 
      150, 
      148, 
      146, 
      143, 
      141, 
      138, 
      136, 
      134, 
      132, 
      130, 
      128, 
      127, 
      125, 
      124, 
      123, 
      122, 
      121, 
      120, 
      120, 
      119
    ]
  }, 
  "rate": 0.8, 
  "reason": "COB: 0, Dev: 6, BGI: 0.98, ISF: 93, Target: 124; Eventual BG 141 >= 124, 18m@1.075 = 0.322 > req 0.1827956989247312+0.1U. Setting temp basal of 0.8U/hr", 
  "COB": 0, 
  "eventualBG": 141, 
  "timestamp": "2016-07-31T05:53:39.414479", 
  "duration": 30, 
  "tick": "+2", 
  "IOB": 0.178
}