{
  "bg": 129, 
  "temp": "absolute", 
  "snoozeBG": 140, 
  "recieved": true, 
  "predBGs": {
    "COB": [
      129, 
      133, 
      135, 
      137, 
      139, 
      139, 
      140, 
      140, 
      139, 
      139, 
      138, 
      136, 
      135, 
      133, 
      131, 
      128, 
      126, 
      123, 
      121, 
      119, 
      117, 
      115, 
      114, 
      112, 
      111, 
      111, 
      110, 
      109, 
      109, 
      108, 
      108, 
      108, 
      107, 
      107, 
      107, 
      106
    ], 
    "aCOB": [
      129, 
      136, 
      141, 
      145, 
      148, 
      149, 
      149, 
      147, 
      145, 
      142, 
      139, 
      137, 
      134, 
      131, 
      129, 
      126, 
      124, 
      121, 
      119, 
      117, 
      115, 
      113, 
      112, 
      111, 
      109, 
      109, 
      108, 
      107, 
      107, 
      106, 
      106, 
      106, 
      105, 
      105, 
      105, 
      104
    ], 
    "IOB": [
      129, 
      132, 
      135, 
      137, 
      138, 
      138, 
      138, 
      137, 
      136, 
      135, 
      133, 
      130, 
      128, 
      125, 
      122, 
      120, 
      117, 
      115, 
      113, 
      111, 
      109, 
      107, 
      106, 
      104, 
      103, 
      102, 
      102, 
      101, 
      101, 
      100, 
      100, 
      99, 
      99, 
      99, 
      98
    ]
  }, 
  "rate": 0.775, 
  "reason": "COB: 7, Dev: 36, BGI: -1.94, ISF: 74.8, Target: 111; Eventual BG 118 >= 111, 28m@0.450 = 0.210 > req 0.09358288770053476+0.1U. Setting temp basal of 0.775U/hr", 
  "COB": 7, 
  "eventualBG": 118, 
  "timestamp": "2016-07-26T09:30:29.299591", 
  "duration": 30, 
  "tick": "+4", 
  "IOB": 0.627
}