{
  "bg": 179, 
  "temp": "absolute", 
  "snoozeBG": 118, 
  "recieved": true, 
  "predBGs": {
    "COB": [
      179, 
      182, 
      184, 
      185, 
      185, 
      184, 
      182, 
      179, 
      175, 
      171, 
      166, 
      160, 
      155, 
      150, 
      145, 
      140, 
      136, 
      131, 
      127, 
      123, 
      119, 
      115, 
      112, 
      110, 
      108, 
      106, 
      105, 
      104, 
      104, 
      105, 
      105, 
      106, 
      107, 
      108, 
      109, 
      110, 
      111
    ], 
    "aCOB": [
      179, 
      177, 
      175, 
      172, 
      169, 
      164, 
      159, 
      153, 
      146, 
      138, 
      131, 
      123, 
      116, 
      108, 
      101, 
      95, 
      89, 
      83, 
      78, 
      73, 
      68, 
      64, 
      61, 
      58, 
      56, 
      54, 
      53, 
      53, 
      54, 
      55, 
      57, 
      59, 
      62, 
      64, 
      67, 
      70, 
      73
    ], 
    "IOB": [
      179, 
      181, 
      181, 
      179, 
      176, 
      171, 
      164, 
      155, 
      144, 
      132, 
      119, 
      104, 
      89, 
      73, 
      59, 
      45, 
      39
    ]
  }, 
  "rate": 1.5, 
  "reason": "COB: 58, Dev: 87, BGI: -11.51, ISF: 81.6, Target: 80; Eventual BG 111 >= 80, 27m@2.275 = 1.024 > req 0.37990196078431376+0.1U. Setting temp basal of 1.5U/hr", 
  "COB": 58, 
  "eventualBG": 111, 
  "timestamp": "2016-07-30T19:50:17.631528", 
  "duration": 30, 
  "tick": "+3", 
  "IOB": 3.207
}