{
  "requested": {
    "duration": 30, 
    "rate": 1.7, 
    "temp": "absolute"
  }, 
  "bg": 177, 
  "temp": "absolute", 
  "snoozeBG": 179, 
  "timestamp": "2016-07-22T03:13:28.021360", 
  "predBGs": {
    "IOB": [
      177, 
      183, 
      189, 
      193, 
      197, 
      199, 
      201, 
      202, 
      201, 
      200, 
      198, 
      195, 
      191, 
      187, 
      182, 
      177, 
      172, 
      167, 
      162, 
      157, 
      152, 
      147, 
      142, 
      138, 
      134, 
      131, 
      127, 
      124, 
      122, 
      119, 
      117, 
      115, 
      113, 
      112, 
      111, 
      110, 
      109
    ]
  }, 
  "rate": 2.1, 
  "reason": "COB: 0, Dev: 34, BGI: 0.93, ISF: 93, Target: 124; Eventual BG 179 >= 124, 29m@1.575 = 0.761 > req 0.5913978494623656+0.1U. Setting temp basal of 1.7U/hr", 
  "COB": 0, 
  "eventualBG": 179, 
  "recieved": false, 
  "duration": 28, 
  "tick": "+7", 
  "IOB": 0.34
}