{
  "bg": 150, 
  "temp": "absolute", 
  "snoozeBG": 99, 
  "recieved": true, 
  "predBGs": {
    "COB": [
      150, 
      150, 
      150, 
      150, 
      149, 
      148, 
      146, 
      144, 
      141, 
      138, 
      135, 
      132, 
      129, 
      126, 
      123, 
      120, 
      116, 
      113, 
      111, 
      108, 
      106, 
      103, 
      102, 
      100, 
      100, 
      99, 
      99, 
      99, 
      99, 
      100, 
      101, 
      102, 
      103, 
      105, 
      107, 
      108, 
      110
    ], 
    "aCOB": [
      150, 
      157, 
      164, 
      170, 
      175, 
      180, 
      184, 
      187, 
      190, 
      193, 
      195, 
      197, 
      198, 
      199, 
      200, 
      201, 
      202, 
      203, 
      203, 
      204, 
      205, 
      206, 
      207, 
      208, 
      209, 
      211, 
      212, 
      214, 
      216, 
      218, 
      220, 
      223, 
      225, 
      227, 
      229, 
      231, 
      233
    ], 
    "IOB": [
      150, 
      150, 
      150, 
      148, 
      147, 
      144, 
      141, 
      137, 
      133, 
      128, 
      123, 
      117, 
      111, 
      105, 
      99, 
      93, 
      88, 
      82, 
      76, 
      71, 
      66, 
      61, 
      57, 
      53, 
      50, 
      47, 
      44, 
      42, 
      40, 
      39
    ]
  }, 
  "rate": 1.25, 
  "reason": "COB: 44, Dev: 16, BGI: -2.64, ISF: 85.1, Target: 80; Eventual BG 110 >= 80, 26m@1.225 = 0.531 > req 0.22326674500587546+0.1U. Setting temp basal of 1.25U/hr", 
  "COB": 44, 
  "eventualBG": 110, 
  "timestamp": "2016-07-31T23:02:05.656584", 
  "duration": 30, 
  "tick": "+0", 
  "IOB": 1.063
}