{
  "bg": 160, 
  "temp": "absolute", 
  "snoozeBG": 150, 
  "recieved": true, 
  "predBGs": {
    "COB": [
      160, 
      162, 
      164, 
      165, 
      165, 
      166, 
      166, 
      166, 
      166, 
      165, 
      164, 
      164, 
      163, 
      162, 
      160, 
      159, 
      158, 
      156, 
      155, 
      154, 
      153, 
      152, 
      151, 
      150, 
      150, 
      150, 
      150, 
      150, 
      150, 
      150, 
      150, 
      151, 
      151, 
      152, 
      152, 
      153, 
      154
    ], 
    "aCOB": [
      160, 
      169, 
      177, 
      184, 
      189, 
      194, 
      198, 
      201, 
      203, 
      205, 
      205, 
      205, 
      204, 
      202, 
      199, 
      196, 
      193, 
      190, 
      187, 
      184, 
      181, 
      179, 
      176, 
      174, 
      172, 
      171, 
      169, 
      168, 
      167, 
      166, 
      165, 
      164, 
      164, 
      163, 
      163, 
      162
    ], 
    "IOB": [
      160, 
      162, 
      163, 
      164, 
      164, 
      164, 
      163, 
      161, 
      160, 
      158, 
      156, 
      153, 
      150, 
      147, 
      144, 
      141, 
      138, 
      135, 
      132, 
      129, 
      126, 
      123, 
      121, 
      119, 
      117, 
      116, 
      114, 
      113, 
      112, 
      111, 
      110, 
      109, 
      108, 
      108, 
      107
    ]
  }, 
  "rate": 1.175, 
  "reason": "COB: 17, Dev: 14, BGI: -0.35, ISF: 77.7, Target: 130; Eventual BG 154 >= 140, 25m@1.025 = 0.427 > req 0.2574002574002574+0.1U. Setting temp basal of 1.2U/hr", 
  "COB": 17, 
  "eventualBG": 154, 
  "timestamp": "2016-07-22T15:46:52.550503", 
  "duration": 30, 
  "tick": "+2", 
  "IOB": 0.457
}